Threads,NUMTRIALS,Probability,Performance
1,1000,0.126000,30.726706
2,1000,0.137000,26.466236
4,1000,0.137000,54.380356
6,1000,0.137000,75.809319
8,1000,0.137000,74.410385
10,1000,0.135000,89.662010
12,1000,0.135000,101.718925
14,1000,0.135000,99.900093
16,1000,0.135000,103.594910
